customer_id,customer_name,segment,city,region_id
101,Arjun Singh,Corporate,Chandigarh,1
102,Rahul Mehta,Corporate,Patna,3
103,Vikas Yadav,Home Office,Bhubaneswar,3
104,Arjun Mehta,Consumer,Kolkata,3
105,Vikas Kumar,Home Office,Patna,3
106,Amit Gupta,Corporate,Kolkata,3
107,Sneha Verma,Home Office,Mumbai,4
108,Rohit Patel,Corporate,Hyderabad,2
109,Anjali Mehta,Home Office,Jaipur,1
110,Rohit Patel,Home Office,Chennai,2
111,Rohit Mishra,Home Office,Bengaluru,2
112,Pooja Kumar,Home Office,Delhi,1
113,Pooja Verma,Corporate,Chandigarh,1
114,Arjun Joshi,Consumer,Patna,3
115,Sneha Joshi,Corporate,Jaipur,1
116,Pooja Kumar,Consumer,Delhi,1
117,Neha Gupta,Corporate,Hyderabad,2
118,Rahul Joshi,Home Office,Jaipur,1
119,Sneha Verma,Home Office,Hyderabad,2
120,Priya Kumar,Corporate,Bhubaneswar,3
121,Vikas Verma,Home Office,Kolkata,3
122,Sneha Mehta,Corporate,Chennai,2
123,Rahul Mehta,Corporate,Ahmedabad,4
124,Amit Singh,Home Office,Kolkata,3
125,Rahul Gupta,Consumer,Bhubaneswar,3
126,Neha Singh,Home Office,Hyderabad,2
127,Priya Kumar,Corporate,Chandigarh,1
128,Rohit Mehta,Home Office,Bengaluru,2
129,Sneha Yadav,Consumer,Delhi,1
130,Sneha Kumar,Corporate,Chandigarh,1
131,Priya Singh,Corporate,Ahmedabad,4
132,Rohit Verma,Corporate,Kolkata,3
133,Sneha Kumar,Consumer,Chandigarh,1
134,Rohit Kumar,Corporate,Pune,4
135,Sneha Singh,Corporate,Mumbai,4
136,Sneha Joshi,Corporate,Ahmedabad,4
137,Amit Mehta,Corporate,Kolkata,3
138,Pooja Joshi,Home Office,Bhubaneswar,3
139,Anjali Kumar,Corporate,Ahmedabad,4
140,Sneha Singh,Home Office,Mumbai,4
141,Pooja Singh,Corporate,Chandigarh,1
142,Pooja Patel,Consumer,Hyderabad,2
143,Arjun Yadav,Consumer,Chandigarh,1
144,Priya Yadav,Home Office,Bengaluru,2
145,Rahul Verma,Consumer,Mumbai,4
146,Amit Mehta,Consumer,Kolkata,3
147,Anjali Yadav,Corporate,Kolkata,3
148,Vikas Verma,Corporate,Jaipur,1
149,Amit Mishra,Home Office,Jaipur,1
150,Rahul Sharma,Home Office,Delhi,1
151,Priya Verma,Home Office,Chennai,2
152,Arjun Mehta,Corporate,Delhi,1
153,Rahul Kumar,Corporate,Chennai,2
154,Sneha Yadav,Corporate,Hyderabad,2
155,Sneha Yadav,Home Office,Kolkata,3
156,Arjun Mishra,Home Office,Pune,4
157,Pooja Joshi,Corporate,Kolkata,3
158,Neha Mishra,Home Office,Mumbai,4
159,Neha Singh,Corporate,Bengaluru,2
160,Priya Kumar,Consumer,Kolkata,3
161,Neha Verma,Corporate,Ahmedabad,4
162,Pooja Kumar,Corporate,Kolkata,3
163,Priya Patel,Home Office,Patna,3
164,Amit Patel,Corporate,Jaipur,1
165,Pooja Kumar,Corporate,Jaipur,1
166,Vikas Joshi,Home Office,Chennai,2
167,Priya Kumar,Home Office,Hyderabad,2
168,Vikas Mishra,Consumer,Patna,3
169,Sneha Sharma,Consumer,Kolkata,3
170,Sneha Joshi,Consumer,Patna,3
171,Anjali Sharma,Corporate,Bengaluru,2
172,Neha Gupta,Consumer,Hyderabad,2
173,Pooja Verma,Home Office,Chandigarh,1
174,Sneha Sharma,Corporate,Chandigarh,1
175,Rohit Joshi,Home Office,Bhubaneswar,3
176,Anjali Singh,Consumer,Chennai,2
177,Anjali Verma,Corporate,Delhi,1
178,Vikas Verma,Corporate,Hyderabad,2
179,Amit Kumar,Home Office,Hyderabad,2
180,Rahul Patel,Home Office,Chennai,2
181,Vikas Verma,Corporate,Ahmedabad,4
182,Anjali Verma,Corporate,Delhi,1
183,Vikas Joshi,Home Office,Chandigarh,1
184,Pooja Yadav,Corporate,Delhi,1
185,Amit Mehta,Consumer,Mumbai,4
186,Pooja Gupta,Corporate,Patna,3
187,Pooja Verma,Home Office,Jaipur,1
188,Amit Kumar,Consumer,Ahmedabad,4
189,Pooja Joshi,Corporate,Bhubaneswar,3
190,Arjun Patel,Consumer,Chandigarh,1
191,Amit Yadav,Corporate,Delhi,1
192,Rohit Kumar,Home Office,Bhubaneswar,3
193,Pooja Verma,Home Office,Chennai,2
194,Anjali Yadav,Corporate,Patna,3
195,Rahul Singh,Corporate,Patna,3
196,Rahul Yadav,Home Office,Ahmedabad,4
197,Neha Patel,Home Office,Bhubaneswar,3
198,Pooja Kumar,Home Office,Bhubaneswar,3
199,Amit Verma,Consumer,Jaipur,1
200,Arjun Kumar,Home Office,Bengaluru,2
201,Rohit Mishra,Corporate,Delhi,1
202,Anjali Mehta,Home Office,Chandigarh,1
203,Anjali Yadav,Home Office,Pune,4
204,Neha Mishra,Consumer,Patna,3
205,Rahul Sharma,Home Office,Bengaluru,2
206,Pooja Gupta,Consumer,Patna,3
207,Vikas Mehta,Home Office,Chandigarh,1
208,Vikas Gupta,Corporate,Chennai,2
209,Pooja Kumar,Corporate,Hyderabad,2
210,Priya Joshi,Consumer,Delhi,1
211,Arjun Gupta,Home Office,Kolkata,3
212,Priya Mehta,Corporate,Kolkata,3
213,Sneha Mishra,Consumer,Mumbai,4
214,Amit Joshi,Consumer,Bengaluru,2
215,Vikas Mishra,Corporate,Delhi,1
216,Rohit Gupta,Home Office,Chennai,2
217,Neha Kumar,Corporate,Bhubaneswar,3
218,Rohit Mishra,Home Office,Pune,4
219,Neha Verma,Consumer,Chandigarh,1
220,Rohit Gupta,Corporate,Patna,3
221,Sneha Patel,Consumer,Chandigarh,1
222,Arjun Patel,Home Office,Bhubaneswar,3
223,Amit Mishra,Consumer,Hyderabad,2
224,Rohit Sharma,Corporate,Chennai,2
225,Neha Joshi,Corporate,Kolkata,3
226,Pooja Gupta,Home Office,Delhi,1
227,Neha Mishra,Corporate,Chandigarh,1
228,Sneha Mishra,Home Office,Ahmedabad,4
229,Vikas Mehta,Home Office,Bhubaneswar,3
230,Sneha Singh,Consumer,Bhubaneswar,3
231,Sneha Gupta,Corporate,Chandigarh,1
232,Arjun Yadav,Consumer,Jaipur,1
233,Arjun Kumar,Consumer,Chennai,2
234,Amit Yadav,Consumer,Pune,4
235,Priya Mishra,Consumer,Jaipur,1
236,Rohit Patel,Home Office,Delhi,1
237,Vikas Patel,Consumer,Chennai,2
238,Anjali Yadav,Home Office,Chennai,2
239,Priya Kumar,Consumer,Ahmedabad,4
240,Neha Yadav,Home Office,Jaipur,1
241,Arjun Yadav,Corporate,Ahmedabad,4
242,Arjun Patel,Corporate,Kolkata,3
243,Rahul Gupta,Home Office,Bengaluru,2
244,Sneha Joshi,Home Office,Patna,3
245,Amit Joshi,Home Office,Bengaluru,2
246,Vikas Kumar,Consumer,Patna,3
247,Amit Yadav,Corporate,Chennai,2
248,Priya Gupta,Corporate,Mumbai,4
249,Anjali Verma,Consumer,Ahmedabad,4
250,Neha Gupta,Home Office,Hyderabad,2
251,Pooja Gupta,Consumer,Kolkata,3
252,Neha Verma,Home Office,Hyderabad,2
253,Priya Gupta,Consumer,Bengaluru,2
254,Sneha Yadav,Consumer,Pune,4
255,Arjun Sharma,Home Office,Chennai,2
256,Vikas Singh,Corporate,Chandigarh,1
257,Priya Singh,Home Office,Jaipur,1
258,Vikas Gupta,Consumer,Pune,4
259,Neha Gupta,Corporate,Delhi,1
260,Pooja Sharma,Home Office,Bhubaneswar,3
261,Neha Mishra,Corporate,Bhubaneswar,3
262,Rahul Sharma,Consumer,Chennai,2
263,Sneha Patel,Corporate,Hyderabad,2
264,Amit Yadav,Home Office,Delhi,1
265,Sneha Patel,Home Office,Kolkata,3
266,Priya Kumar,Consumer,Chennai,2
267,Anjali Sharma,Home Office,Chennai,2
268,Anjali Patel,Consumer,Chennai,2
269,Priya Verma,Consumer,Chandigarh,1
270,Vikas Singh,Corporate,Pune,4
271,Rahul Kumar,Consumer,Chandigarh,1
272,Rahul Mishra,Home Office,Kolkata,3
273,Sneha Mishra,Consumer,Bhubaneswar,3
274,Rahul Verma,Consumer,Bhubaneswar,3
275,Priya Kumar,Consumer,Patna,3
276,Sneha Mehta,Consumer,Chennai,2
277,Vikas Joshi,Consumer,Mumbai,4
278,Pooja Yadav,Corporate,Chandigarh,1
279,Rohit Sharma,Home Office,Patna,3
280,Anjali Kumar,Corporate,Chennai,2
281,Neha Gupta,Corporate,Jaipur,1
282,Vikas Gupta,Corporate,Kolkata,3
283,Priya Verma,Consumer,Patna,3
284,Sneha Joshi,Corporate,Pune,4
285,Anjali Kumar,Consumer,Bhubaneswar,3
286,Rohit Mishra,Home Office,Kolkata,3
287,Neha Joshi,Corporate,Jaipur,1
288,Arjun Joshi,Consumer,Chennai,2
289,Neha Mishra,Home Office,Mumbai,4
290,Arjun Patel,Consumer,Kolkata,3
291,Vikas Yadav,Home Office,Kolkata,3
292,Arjun Gupta,Consumer,Hyderabad,2
293,Arjun Sharma,Consumer,Kolkata,3
294,Anjali Patel,Consumer,Chennai,2
295,Pooja Singh,Corporate,Bengaluru,2
296,Pooja Gupta,Consumer,Bhubaneswar,3
297,Neha Mishra,Corporate,Bhubaneswar,3
298,Neha Gupta,Consumer,Jaipur,1
299,Rahul Singh,Corporate,Delhi,1
300,Rahul Yadav,Corporate,Kolkata,3
301,Priya Gupta,Home Office,Chandigarh,1
302,Rahul Sharma,Consumer,Jaipur,1
303,Pooja Yadav,Corporate,Chandigarh,1
304,Sneha Gupta,Consumer,Pune,4
305,Amit Gupta,Corporate,Mumbai,4
306,Rahul Mishra,Corporate,Ahmedabad,4
307,Pooja Kumar,Home Office,Chennai,2
308,Vikas Patel,Consumer,Patna,3
309,Arjun Yadav,Home Office,Bhubaneswar,3
310,Arjun Gupta,Consumer,Chandigarh,1
311,Sneha Mehta,Corporate,Mumbai,4
312,Priya Yadav,Consumer,Delhi,1
313,Priya Gupta,Home Office,Chandigarh,1
314,Arjun Yadav,Consumer,Ahmedabad,4
315,Rohit Joshi,Home Office,Ahmedabad,4
316,Rahul Gupta,Corporate,Chennai,2
317,Neha Sharma,Consumer,Hyderabad,2
318,Pooja Gupta,Consumer,Jaipur,1
319,Rohit Mehta,Consumer,Pune,4
320,Priya Verma,Home Office,Hyderabad,2
321,Pooja Kumar,Corporate,Chandigarh,1
322,Sneha Joshi,Home Office,Patna,3
323,Anjali Joshi,Consumer,Ahmedabad,4
324,Anjali Mehta,Home Office,Patna,3
325,Neha Verma,Corporate,Mumbai,4
326,Amit Kumar,Consumer,Jaipur,1
327,Sneha Mishra,Consumer,Bengaluru,2
328,Neha Mishra,Home Office,Patna,3
329,Rohit Mehta,Home Office,Bengaluru,2
330,Vikas Patel,Corporate,Delhi,1
331,Rohit Verma,Home Office,Mumbai,4
332,Amit Patel,Consumer,Bengaluru,2
333,Amit Joshi,Consumer,Ahmedabad,4
334,Pooja Singh,Corporate,Bhubaneswar,3
335,Vikas Verma,Consumer,Chennai,2
336,Rahul Singh,Corporate,Mumbai,4
337,Anjali Mishra,Consumer,Patna,3
338,Pooja Joshi,Corporate,Hyderabad,2
339,Rahul Mishra,Corporate,Chandigarh,1
340,Rohit Mehta,Consumer,Pune,4
341,Sneha Kumar,Corporate,Patna,3
342,Rohit Joshi,Consumer,Chennai,2
343,Rahul Singh,Home Office,Jaipur,1
344,Priya Mehta,Home Office,Delhi,1
345,Vikas Mishra,Home Office,Jaipur,1
346,Rohit Yadav,Corporate,Patna,3
347,Neha Kumar,Home Office,Chennai,2
348,Amit Joshi,Corporate,Bengaluru,2
349,Priya Verma,Consumer,Kolkata,3
350,Pooja Mehta,Home Office,Hyderabad,2
351,Arjun Mehta,Corporate,Bhubaneswar,3
352,Vikas Gupta,Home Office,Chandigarh,1
353,Neha Yadav,Home Office,Jaipur,1
354,Anjali Patel,Consumer,Patna,3
355,Vikas Joshi,Corporate,Bhubaneswar,3
356,Priya Sharma,Corporate,Ahmedabad,4
357,Anjali Sharma,Home Office,Ahmedabad,4
358,Amit Sharma,Consumer,Ahmedabad,4
359,Sneha Kumar,Home Office,Bhubaneswar,3
360,Arjun Verma,Consumer,Delhi,1
361,Amit Kumar,Corporate,Chennai,2
362,Rohit Patel,Corporate,Hyderabad,2
363,Pooja Mehta,Consumer,Chennai,2
364,Neha Mishra,Corporate,Hyderabad,2
365,Amit Patel,Home Office,Ahmedabad,4
366,Anjali Verma,Consumer,Ahmedabad,4
367,Amit Sharma,Corporate,Chandigarh,1
368,Anjali Kumar,Corporate,Hyderabad,2
369,Sneha Joshi,Home Office,Pune,4
370,Priya Verma,Corporate,Chandigarh,1
371,Anjali Joshi,Consumer,Hyderabad,2
372,Priya Mishra,Home Office,Mumbai,4
373,Vikas Joshi,Consumer,Ahmedabad,4
374,Sneha Verma,Consumer,Pune,4
375,Pooja Mishra,Consumer,Delhi,1
376,Pooja Mishra,Corporate,Delhi,1
377,Arjun Singh,Consumer,Bengaluru,2
378,Sneha Kumar,Consumer,Chennai,2
379,Rohit Singh,Corporate,Pune,4
380,Neha Yadav,Home Office,Pune,4
381,Vikas Mishra,Corporate,Ahmedabad,4
382,Rohit Mehta,Consumer,Chandigarh,1
383,Priya Sharma,Corporate,Mumbai,4
384,Amit Joshi,Consumer,Kolkata,3
385,Neha Sharma,Home Office,Bengaluru,2
386,Anjali Patel,Consumer,Jaipur,1
387,Priya Joshi,Consumer,Delhi,1
388,Pooja Joshi,Corporate,Patna,3
389,Sneha Patel,Home Office,Chennai,2
390,Vikas Verma,Consumer,Mumbai,4
391,Anjali Patel,Home Office,Jaipur,1
392,Pooja Verma,Home Office,Kolkata,3
393,Anjali Verma,Home Office,Pune,4
394,Rahul Singh,Home Office,Delhi,1
395,Neha Mishra,Home Office,Hyderabad,2
396,Priya Joshi,Corporate,Jaipur,1
397,Neha Mehta,Home Office,Bhubaneswar,3
398,Arjun Kumar,Consumer,Pune,4
399,Amit Singh,Consumer,Hyderabad,2
400,Sneha Joshi,Home Office,Patna,3
401,Vikas Sharma,Home Office,Delhi,1
402,Anjali Mishra,Home Office,Patna,3
403,Amit Gupta,Consumer,Kolkata,3
404,Sneha Mehta,Corporate,Bengaluru,2
405,Neha Gupta,Consumer,Mumbai,4
406,Arjun Gupta,Consumer,Bhubaneswar,3
407,Neha Mishra,Consumer,Jaipur,1
408,Amit Patel,Consumer,Kolkata,3
409,Priya Mishra,Home Office,Hyderabad,2
410,Priya Sharma,Consumer,Chandigarh,1
411,Pooja Mishra,Consumer,Bengaluru,2
412,Anjali Verma,Consumer,Pune,4
413,Sneha Kumar,Corporate,Chandigarh,1
414,Vikas Patel,Consumer,Patna,3
415,Vikas Singh,Corporate,Bengaluru,2
416,Arjun Mishra,Consumer,Chandigarh,1
417,Rahul Singh,Corporate,Bengaluru,2
418,Amit Joshi,Corporate,Mumbai,4
419,Vikas Kumar,Corporate,Chandigarh,1
420,Rohit Singh,Home Office,Hyderabad,2
421,Rahul Patel,Home Office,Ahmedabad,4
422,Neha Yadav,Corporate,Pune,4
423,Anjali Singh,Consumer,Bhubaneswar,3
424,Priya Yadav,Corporate,Patna,3
425,Amit Verma,Consumer,Chandigarh,1
426,Priya Singh,Home Office,Delhi,1
427,Vikas Kumar,Corporate,Chandigarh,1
428,Rahul Verma,Corporate,Hyderabad,2
429,Rohit Patel,Home Office,Chennai,2
430,Rohit Joshi,Home Office,Jaipur,1
431,Rahul Patel,Home Office,Bhubaneswar,3
432,Pooja Singh,Consumer,Chandigarh,1
433,Sneha Verma,Corporate,Jaipur,1
434,Anjali Yadav,Consumer,Chennai,2
435,Amit Joshi,Corporate,Bengaluru,2
436,Neha Gupta,Consumer,Chennai,2
437,Sneha Singh,Corporate,Kolkata,3
438,Amit Joshi,Consumer,Jaipur,1
439,Priya Joshi,Corporate,Chandigarh,1
440,Rohit Joshi,Consumer,Kolkata,3
441,Pooja Mishra,Home Office,Chandigarh,1
442,Vikas Gupta,Consumer,Chennai,2
443,Rahul Joshi,Consumer,Bengaluru,2
444,Sneha Mishra,Home Office,Mumbai,4
445,Rohit Patel,Consumer,Ahmedabad,4
446,Arjun Yadav,Home Office,Patna,3
447,Amit Gupta,Corporate,Jaipur,1
448,Amit Mishra,Corporate,Patna,3
449,Neha Verma,Consumer,Pune,4
450,Sneha Kumar,Consumer,Chandigarh,1
451,Rohit Verma,Home Office,Patna,3
452,Rahul Joshi,Corporate,Bhubaneswar,3
453,Rahul Mishra,Corporate,Mumbai,4
454,Arjun Mishra,Consumer,Bhubaneswar,3
455,Neha Gupta,Home Office,Delhi,1
456,Arjun Patel,Consumer,Bhubaneswar,3
457,Anjali Kumar,Corporate,Delhi,1
458,Rahul Sharma,Corporate,Hyderabad,2
459,Neha Singh,Home Office,Hyderabad,2
460,Arjun Kumar,Corporate,Chennai,2
461,Priya Yadav,Home Office,Mumbai,4
462,Arjun Sharma,Corporate,Ahmedabad,4
463,Rahul Joshi,Consumer,Chennai,2
464,Rohit Sharma,Corporate,Hyderabad,2
465,Anjali Joshi,Home Office,Jaipur,1
466,Sneha Verma,Consumer,Chandigarh,1
467,Amit Singh,Consumer,Chennai,2
468,Neha Mishra,Home Office,Patna,3
469,Neha Joshi,Corporate,Hyderabad,2
470,Rohit Singh,Home Office,Patna,3
471,Anjali Singh,Consumer,Pune,4
472,Rahul Yadav,Home Office,Delhi,1
473,Priya Sharma,Corporate,Mumbai,4
474,Anjali Patel,Consumer,Kolkata,3
475,Neha Yadav,Corporate,Patna,3
476,Anjali Patel,Home Office,Chennai,2
477,Anjali Gupta,Consumer,Kolkata,3
478,Pooja Mishra,Home Office,Hyderabad,2
479,Rahul Singh,Home Office,Chandigarh,1
480,Anjali Yadav,Corporate,Pune,4
481,Sneha Sharma,Home Office,Hyderabad,2
482,Vikas Mehta,Corporate,Ahmedabad,4
483,Rahul Yadav,Corporate,Pune,4
484,Vikas Joshi,Home Office,Bhubaneswar,3
485,Arjun Kumar,Corporate,Kolkata,3
486,Rahul Verma,Home Office,Chandigarh,1
487,Arjun Gupta,Consumer,Patna,3
488,Vikas Mishra,Corporate,Jaipur,1
489,Pooja Sharma,Consumer,Chandigarh,1
490,Priya Patel,Corporate,Pune,4
491,Vikas Verma,Consumer,Patna,3
492,Vikas Joshi,Consumer,Patna,3
493,Neha Mishra,Corporate,Ahmedabad,4
494,Neha Kumar,Consumer,Hyderabad,2
495,Arjun Mishra,Home Office,Hyderabad,2
496,Rohit Mehta,Consumer,Jaipur,1
497,Sneha Mehta,Home Office,Hyderabad,2
498,Neha Joshi,Home Office,Bhubaneswar,3
499,Priya Joshi,Consumer,Patna,3
500,Sneha Mehta,Home Office,Bengaluru,2
501,Neha Joshi,Consumer,Hyderabad,2
502,Rohit Verma,Consumer,Chandigarh,1
503,Sneha Joshi,Corporate,Ahmedabad,4
504,Anjali Kumar,Home Office,Jaipur,1
505,Rohit Patel,Home Office,Delhi,1
506,Priya Yadav,Consumer,Hyderabad,2
507,Anjali Verma,Home Office,Patna,3
508,Vikas Yadav,Consumer,Hyderabad,2
509,Arjun Mehta,Corporate,Kolkata,3
510,Priya Sharma,Home Office,Bhubaneswar,3
511,Arjun Sharma,Corporate,Patna,3
512,Neha Joshi,Corporate,Chennai,2
513,Amit Kumar,Corporate,Bengaluru,2
514,Rohit Kumar,Home Office,Chennai,2
515,Sneha Patel,Corporate,Chandigarh,1
516,Vikas Patel,Home Office,Chennai,2
517,Neha Patel,Home Office,Bhubaneswar,3
518,Arjun Joshi,Corporate,Delhi,1
519,Anjali Gupta,Home Office,Jaipur,1
520,Priya Verma,Corporate,Chennai,2
521,Anjali Verma,Home Office,Mumbai,4
522,Sneha Verma,Consumer,Bengaluru,2
523,Priya Mehta,Home Office,Mumbai,4
524,Arjun Gupta,Corporate,Kolkata,3
525,Amit Mehta,Consumer,Patna,3
526,Vikas Singh,Consumer,Delhi,1
527,Vikas Sharma,Home Office,Pune,4
528,Pooja Verma,Home Office,Delhi,1
529,Amit Mehta,Home Office,Bengaluru,2
530,Rahul Verma,Consumer,Pune,4
531,Rohit Kumar,Corporate,Kolkata,3
532,Anjali Yadav,Home Office,Kolkata,3
533,Priya Sharma,Corporate,Mumbai,4
534,Rohit Joshi,Home Office,Pune,4
535,Vikas Gupta,Consumer,Chandigarh,1
536,Pooja Patel,Consumer,Delhi,1
537,Vikas Sharma,Consumer,Chandigarh,1
538,Vikas Singh,Corporate,Chandigarh,1
539,Sneha Patel,Corporate,Mumbai,4
540,Rohit Sharma,Corporate,Jaipur,1
541,Amit Verma,Home Office,Chennai,2
542,Rohit Joshi,Corporate,Mumbai,4
543,Sneha Joshi,Home Office,Ahmedabad,4
544,Vikas Mishra,Home Office,Patna,3
545,Arjun Patel,Consumer,Ahmedabad,4
546,Neha Kumar,Home Office,Bengaluru,2
547,Arjun Yadav,Consumer,Kolkata,3
548,Anjali Gupta,Corporate,Bengaluru,2
549,Vikas Singh,Consumer,Jaipur,1
550,Neha Verma,Corporate,Kolkata,3
551,Rahul Kumar,Consumer,Hyderabad,2
552,Sneha Kumar,Consumer,Jaipur,1
553,Rohit Gupta,Consumer,Chandigarh,1
554,Sneha Mehta,Consumer,Pune,4
555,Anjali Mishra,Consumer,Bengaluru,2
556,Arjun Mehta,Home Office,Kolkata,3
557,Anjali Joshi,Consumer,Kolkata,3
558,Pooja Sharma,Consumer,Bhubaneswar,3
559,Arjun Singh,Home Office,Mumbai,4
560,Priya Kumar,Home Office,Bengaluru,2
561,Priya Singh,Corporate,Chennai,2
562,Rohit Gupta,Corporate,Delhi,1
563,Neha Sharma,Consumer,Ahmedabad,4
564,Sneha Sharma,Corporate,Patna,3
565,Arjun Kumar,Corporate,Delhi,1
566,Rohit Verma,Home Office,Mumbai,4
567,Priya Yadav,Home Office,Hyderabad,2
568,Rahul Verma,Consumer,Bhubaneswar,3
569,Arjun Patel,Corporate,Patna,3
570,Rahul Kumar,Home Office,Bengaluru,2
571,Sneha Verma,Home Office,Delhi,1
572,Anjali Patel,Home Office,Bhubaneswar,3
573,Sneha Mishra,Consumer,Kolkata,3
574,Neha Yadav,Home Office,Hyderabad,2
575,Pooja Verma,Consumer,Jaipur,1
576,Anjali Mishra,Home Office,Hyderabad,2
577,Rohit Patel,Home Office,Hyderabad,2
578,Anjali Mehta,Consumer,Hyderabad,2
579,Vikas Kumar,Corporate,Chennai,2
580,Anjali Mehta,Home Office,Pune,4
581,Rohit Patel,Corporate,Delhi,1
582,Neha Yadav,Corporate,Ahmedabad,4
583,Rohit Mishra,Home Office,Delhi,1
584,Pooja Joshi,Consumer,Mumbai,4
585,Vikas Sharma,Corporate,Chandigarh,1
586,Anjali Mehta,Home Office,Hyderabad,2
587,Sneha Sharma,Consumer,Bengaluru,2
588,Sneha Verma,Corporate,Bhubaneswar,3
589,Amit Patel,Consumer,Bengaluru,2
590,Rahul Sharma,Home Office,Chandigarh,1
591,Priya Mishra,Corporate,Chennai,2
592,Neha Mehta,Consumer,Patna,3
593,Priya Verma,Corporate,Hyderabad,2
594,Amit Patel,Corporate,Patna,3
595,Anjali Verma,Consumer,Patna,3
596,Neha Verma,Corporate,Ahmedabad,4
597,Vikas Kumar,Consumer,Chandigarh,1
598,Amit Mehta,Home Office,Bhubaneswar,3
599,Amit Yadav,Consumer,Ahmedabad,4
600,Pooja Patel,Consumer,Chennai,2
